Index,Store Code,Store Name,Province EN,Province KH,District EN,District KH,Latitude,Longitude
1,"BANA001","Chamnaom","Banteay Meanchey","បន្ទាយមានជ័យ","Mongkol Borei","មង្គលបូរី","13.437565","102.934632"
2,"BANA002","Paoy Paet","Banteay Meanchey","បន្ទាយមានជ័យ","Paoy Paet","ប៉ោយប៉ែត","13.682498","102.564968"
3,"BANA003","Preah Punlea","Banteay Meanchey","បន្ទាយមានជ័យ","Serei Saophoan","សិរីសោភ័ណ","13.59106","102.973797"
4,"BANA004","Phsar Kandal","Banteay Meanchey","បន្ទាយមានជ័យ","Paoy Paet","ប៉ោយប៉ែត","13.646559","102.590885"
5,"BANA005","Ou Ruessei","Banteay Meanchey","បន្ទាយមានជ័យ","Serei Saophoan","សិរីសោភ័ណ","13.69538","102.651888"
6,"BANA006","Roluos","Banteay Meanchey","បន្ទាយមានជ័យ","Svay Chek","ស្វាយចេក","13.80385","102.96445"
7,"BANA007","Phnum Touch","Banteay Meanchey","បន្ទាយមានជ័យ","Mongkol Borei","មង្គលបូរី","13.410764","103.017448"
8,"BANA008","Paoy Char","Banteay Meanchey","បន្ទាយមានជ័យ","Serei Saophoan","សិរីសោភ័ណ","13.774137","103.313281"
9,"BANA009","Chub Vari","Banteay Meanchey","បន្ទាយមានជ័យ","Serei Saophoan","សិរីសោភ័ណ","13.623668","103.182027"
10,"BANA010","Banteay Chhmar","Banteay Meanchey","បន្ទាយមានជ័យ","Thma Puok","ថ្មពួក","12.252597","105.977067"
11,"BANA011","Kampong Svay","Banteay Meanchey","បន្ទាយមានជ័យ","Serei Saophoan","សិរីសោភ័ណ","13.600802","102.967587"
12,"BANA012","Malai","Banteay Meanchey","បន្ទាយមានជ័យ","Malai","ម៉ាឡៃ","13.566301","102.364078"
13,"BANA013","Thma Puok","Banteay Meanchey","បន្ទាយមានជ័យ","Thma Puok","ថ្មពួក","13.941231","103.049339"
14,"BANA014","Koub","Banteay Meanchey","បន្ទាយមានជ័យ","Ou Chrov","អូរជ្រៅ","13.608353","102.764872"
15,"BANA015","Changha","Banteay Meanchey","បន្ទាយមានជ័យ","Ou Chrov","អូរជ្រៅ","13.647113","102.886313"
16,"BANA016","Phnum Lieb","Banteay Meanchey","បន្ទាយមានជ័យ","Preah Netr Preah","ព្រះនេត្រព្រះ","13.605432","103.312393"
17,"BANA017","Punley","Banteay Meanchey","បន្ទាយមានជ័យ","Serei Saophoan","សិរីសោភ័ណ","13.76928","103.22615"
18,"BANA018","Sla Kram","Banteay Meanchey","បន្ទាយមានជ័យ","Svay Chek","ស្វាយចេក","13.832156","102.833294"
19,"BANA020","Banteay Neang","Banteay Meanchey","បន្ទាយមានជ័យ","Mongkol Borei","មង្គលបូរី","13.515097","103.017095"
20,"BANP001","Serei Saophoan","Banteay Meanchey","បន្ទាយមានជ័យ","Serei Saophoan","សិរីសោភ័ណ","13.59572","102.97069"
21,"BANS001","Ou Ambel","Banteay Meanchey","បន្ទាយមានជ័យ","Serei Saophoan","សិរីសោភ័ណ","13.5852101","102.9724208"
22,"BANS002","Paoy Paet","Banteay Meanchey","បន្ទាយមានជ័យ","Paoy Paet","ប៉ោយប៉ែត","13.65887","102.554344"
23,"BANS003","Thma Puok","Banteay Meanchey","បន្ទាយមានជ័យ","Thma Puok","ថ្មពួក","13.9413014","103.049302"
24,"BANS004","Srah Chik","Banteay Meanchey","បន្ទាយមានជ័យ","Phnum Srok","ភ្នំ","13.74387","103.33588"
25,"BATA001","Chomkar Somraong","Battambang","បាត់ដំបង","Battambang","បាត់ដំបង","13.129832","103.198146"
26,"BATA002","Kampong Prieng","Battambang","បាត់ដំបង","Sangkae","សង្កែ","12.9489","103.3383"
27,"BATA003","Phnum Sampov","Battambang","បាត់ដំបង","Banan","បាណន់","13.0296","103.1009"
28,"BATA004","Vaot Ta Muem 01","Battambang","បាត់ដំបង","Sangkae","សង្កែ","13.0627","103.2032"
29,"BATA005","Tuol Ta Ek","Battambang","បាត់ដំបង","Battambang","បាត់ដំបង","13.09573","103.190527"
30,"BATA006","Moung","Battambang","បាត់ដំបង","Moung Ruessei","មោងឫស្សី","12.775837","103.448387"
31,"BATA007","Snoeng","Battambang","បាត់ដំបង","Banan","បាណន់","12.9784","103.0544"
32,"BATA008","Vaot Ta Muem 02","Battambang","បាត់ដំបង","Sangkae","សង្កែ","13.03679","103.20173"
33,"BATA009","REM SOCHEA","Battambang","បាត់ដំបង","Battambang","បាត់ដំបង","13.265685","102.945134"
34,"BATA010","Santepheap","Battambang","បាត់ដំបង","Sampov Lun","សំពៅលូន","13.432283","102.366176"
35,"BATA011","Boeng Reang","Battambang","បាត់ដំបង","Kamrieng","កំរៀង","13.087139","102.446107"
36,"BATA012","Bour","Battambang","បាត់ដំបង","Phnum Proek","ភ្នំព្រឹក","13.283736","102.615651"
37,"BATA013","Pech Chenda 01","Battambang","បាត់ដំបង","Phnum Proek","ភ្នំព្រឹក","13.222725","102.391644"
38,"BATA014","Pech Chenda 02","Battambang","បាត់ដំបង","Phnum Proek","ភ្នំព្រឹក","13.2117","102.532803"
39,"BATA015","Sdok Pravoek","Battambang","បាត់ដំបង","Rukh Kiri","រុក្ខគិរី","12.603483","103.490935"
40,"BATA016","Ta Kream","Battambang","បាត់ដំបង","Banan","បាណន់","13.090324","103.023334"
41,"BATA017","Ta Sanh","Battambang","បាត់ដំបង","Samlout","សំឡូត","12.616636","102.858967"
42,"BATA018","Kampong Lpov","Battambang","បាត់ដំបង","Samlout","សំឡូត","12.543875","102.865274"
43,"BATA019","Traeng","Battambang","បាត់ដំបង","Thma Koul","ថ្មគោល","12.832975","102.894727"
44,"BATA021","Preaek Chik","Battambang","បាត់ដំបង","Rukh Kiri","រុក្ខគិរី","12.651708","103.396619"
45,"BATA022","Bavel","Battambang","បាត់ដំបង","Bavel","បវេល","13.256093","102.875914"
46,"BATA023","Chrey","Battambang","បាត់ដំបង","Thma Koul","ថ្មគោល","13.112873","103.136953"
47,"BATA024","Boeng Pring","Battambang","បាត់ដំបង","Thma Koul","ថ្មគោល","13.366959","103.034112"
48,"BATA025","Ta Pung","Battambang","បាត់ដំបង","Thma Koul","ថ្មគោល","13.264179","103.089398"
49,"BATA026","Svay Por","Battambang","បាត់ដំបង","Battambang","បាត់ដំបង","13.0859","103.1988"
50,"BATA027","Ou Ta Ki","Battambang","បាត់ដំបង","Thma Koul","ថ្មគោល","13.167237","103.112915"
51,"BATA028","Ta Sda","Battambang","បាត់ដំបង","Sampov Lun","សំពៅលូន","13.404488","102.455575"
52,"BATA029","Thipakdei","Battambang","បាត់ដំបង","Koas Krala","គាស់ក្រឡ","12.856523","103.26872"
53,"BATA030","Prey Svay","Battambang","បាត់ដំបង","Moung Ruessei","មោងឫស្សី","12.713477","103.544657"
54,"BATA032","Sdau","Battambang","បាត់ដំបង","Thma Koul","ថ្មគោល","12.891503","102.973863"
55,"BATA033","Ampil Pram Daeum","Battambang","បាត់ដំបង","Bavel","បវេល","13.260059","102.767866"
56,"BATA034","Ou Char","Battambang","បាត់ដំបង","Battambang","បាត់ដំបង","13.1076","103.1755"
57,"BATA035","Anlung Vil","Battambang","បាត់ដំបង","Battambang","បាត់ដំបង","13.0624","103.2563"
58,"BATA036","Vaot Ta Muem","Battambang","បាត់ដំបង","Sangkae","សង្កែ","13.01234","103.187065"
59,"BATA037","Peam Aek","Battambang","បាត់ដំបង","Aek Phnum","ឯកភ្នំ","13.161","103.2086"
60,"BATA038","Prey Khpos","Battambang","បាត់ដំបង","Bavel","បវេល","13.347834","102.905611"
61,"BATA039","Mukh Rea","Battambang","បាត់ដំបង","Rukh Kiri","រុក្ខគិរី","12.77559","103.448243"
62,"BATA040","Prek Preah Sdach","Battambang","បាត់ដំបង","Battambang","បាត់ដំបង","13.0887","103.2127"
63,"BATA041","Moung Ruessei","Battambang","បាត់ដំបង","Moung Ruessei","មោងឫស្សី","12.903065","103.3680416"
64,"BATP001","Battambang","Battambang","បាត់ដំបង","Battambang","បាត់ដំបង","13.106159","103.195737"
65,"BATS001","Tuol Ta Ek","Battambang","បាត់ដំបង","Battambang","បាត់ដំបង","13.095671","103.190739"
66,"BATS002","Ta Pung","Battambang","បាត់ដំបង","Thma Koul","ថ្មគោល","13.269928","103.089933"
67,"BATS003","Boeng Reang","Battambang","បាត់ដំបង","Kamrieng","កំរៀង","13.088761","102.445678"
68,"BATS004","Santepheap","Battambang","បាត់ដំបង","Sampov Lun","សំពៅលូន","13.431886","102.376649"
69,"BATS005","Sdau","Battambang","បាត់ដំបង","Thma Koul","ថ្មគោល","12.892662","102.97397"
70,"BATS006","Bavel","Battambang","បាត់ដំបង","Bavel","បវេល","13.25407","102.873046"
71,"BATS007","Moung","Battambang","បាត់ដំបង","Moung Ruessei","មោងឫស្សី","12.775514","103.447784"
72,"BATS008","Sdau","Battambang","បាត់ដំបង","Thma Koul","ថ្មគោល","12.5333","102.5826"
73,"HUBBAT01","Hub vùng HUBBAT01","Battambang","បាត់ដំបង","Battambang","បាត់ដំបង","13.33826181253044","103.0832144967726"
74,"CHAA001","Peam Prathnuoh","Kampong Cham","កំពង់ចាម","Kaoh Soutin","កោះសូទិន","11.892662","105.428499"
75,"CHAA002","Chrey Vien","Kampong Cham","កំពង់ចាម","Prey Chhor","ព្រៃឈរ","12.058398","105.257688"
76,"CHAA003","Kor","Kampong Cham","កំពង់ចាម","Cheung Prey","ជើងព្រៃ","12.11317","105.21706"
77,"CHAA004","Sandaek","Kampong Cham","កំពង់ចាម","Batheay","បាធាយ","12.123065","104.970836"
78,"CHAA005","Me Sar Chrey","Kampong Cham","កំពង់ចាម","Stueng Trang","ស្ទឹងត្រង់","12.29968","105.419272"
79,"CHAA006","Peam Chi Kang","Kampong Cham","កំពង់ចាម","Kang Meas","កងមាស","11.946622","105.247515"
80,"CHAA007","Ta Prok","Kampong Cham","កំពង់ចាម","Chamkar Leu","ចំការលើ","12.376818","105.222342"
81,"CHAA008","Thma Pun","Kampong Cham","កំពង់ចាម","Prey Chhor","ព្រៃឈរ","12.162685","105.246162"
82,"CHAA009","Tang Krang","Kampong Cham","កំពង់ចាម","Batheay","បាធាយ","11.885387","104.935627"
83,"CHAA010","Bos Khnor","Kampong Cham","កំពង់ចាម","Chamkar Leu","ចំការលើ","12.180892","105.322863"
84,"CHAA011","Lvea","Kampong Cham","កំពង់ចាម","Chamkar Leu","ចំការលើ","12.057856","105.181435"
85,"CHAA012","Khvet Thum","Kampong Cham","កំពង់ចាម","Prey Chhor","ព្រៃឈរ","12.059258","105.211236"
86,"CHAA013","Chealea","Kampong Cham","កំពង់ចាម","Batheay","បាធាយ","11.9945","104.9433"
87,"CHAA014","Batheay","Kampong Cham","កំពង់ចាម","Batheay","បាធាយ","12.027384","104.962943"
88,"CHAA015","Soutib","Kampong Cham","កំពង់ចាម","Cheung Prey","ជើងព្រៃ","12.05615","105.074797"
89,"CHAA016","Veal Vung","Kampong Cham","កំពង់ចាម","Kampong Cham","កំពង់ចាម","11.979458","105.458557"
90,"CHAA017","Areak Tnaot","Kampong Cham","កំពង់ចាម","Kampong Cham","កំពង់ចាម","12.362246","105.587401"
91,"CHAA018","Kampong Cham","Kampong Cham","កំពង់ចាម","Kampong Cham","កំពង់ចាម","11.991004","105.466677"
92,"CHAA019","Roka Koy","Kampong Cham","កំពង់ចាម","Kang Meas","កងមាស","11.9412","105.3009"
93,"CHAA020","Hanchey","Kampong Cham","កំពង់ចាម","Kampong Siem","កំពង់សៀម","12.1363","105.5264"
94,"CHAA021","Svay Pou","Kampong Cham","កំពង់ចាម","Srei Santhor","ស្រីសន្ធរ","11.780832","105.081073"
95,"CHAA022","Preak Kak","Kampong Cham","កំពង់ចាម","Stueng Trang","ស្ទឹងត្រង់","12.258039","105.533665"
96,"CHAA023","Preak Rumdeng","Kampong Cham","កំពង់ចាម","Kampong Cham","កំពង់ចាម","11.9178","105.23044"
97,"CHAA024","Tumnob","Kampong Cham","កំពង់ចាម","Batheay","បាធាយ","12.080426","104.975446"
98,"CHAA025","Lom Hae","Kampong Cham","កំពង់ចាម","Kampong Cham","កំពង់ចាម","11.992734","105.451041"
99,"CHAP001","Kampong Cham","Kampong Cham","កំពង់ចាម","Kampong Cham","កំពង់ចាម","11.989084","105.462284"
100,"CHAS001","Veal Vung","Kampong Cham","កំពង់ចាម","Kampong Cham","កំពង់ចាម","11.989346","105.458567"
101,"CHAS002","Preak Kak","Kampong Cham","កំពង់ចាម","Stueng Trang","ស្ទឹងត្រង់","12.255298","105.539182"
102,"CHAS003","Soutib","Kampong Cham","កំពង់ចាម","Cheung Prey","ជើងព្រៃ","12.053318","105.056898"
103,"CHAS004","Chrey Vien","Kampong Cham","កំពង់ចាម","Prey Chhor","ព្រៃឈរ","12.057873","105.247003"
104,"CHAS005","Svay Teab","Kampong Cham","កំពង់ចាម","Chamkar Leu","ចំការលើ","12.3140397","105.2777613"
105,"CHHA001","Ou Ruessei 01","Kampong Chhnang","កំពង់ឆ្នាំង","Kampong Tralach","កំពង់ត្រឡាច","11.939555","104.714322"
106,"CHHA002","Pongro","Kampong Chhnang","កំពង់ឆ្នាំង","Rolea B'ier","រលាប្អៀរ","12.257837","104.660942"
107,"CHHA003","Ou Ruessei 02","Kampong Chhnang","កំពង់ឆ្នាំង","Kampong Tralach","កំពង់ត្រឡាច","11.9517","104.7185"
108,"CHHA004","Saeb","Kampong Chhnang","កំពង់ឆ្នាំង","Kampong Tralach","កំពង់ត្រឡាច","12.0705","104.773"
109,"CHHA005","Peani","Kampong Chhnang","កំពង់ឆ្នាំង","Kampong Tralach","កំពង់ត្រឡាច","11.9234","104.7013"
110,"CHHA006","Ta Ches","Kampong Chhnang","កំពង់ឆ្នាំង","Kampong Tralach","កំពង់ត្រឡាច","12.236991","104.669291"
111,"CHHA007","Prey Kri 01","Kampong Chhnang","កំពង់ឆ្នាំង","Chol Kiri","ជលគីរី","12.164788","104.881038"
112,"CHHA008","Peam Chhkaok","Kampong Chhnang","កំពង់ឆ្នាំង","Chol Kiri","ជលគីរី","12.207648","104.816967"
113,"CHHA009","Krang Skear","Kampong Chhnang","កំពង់ឆ្នាំង","Tuek Phos","ទឹកផុស","12.238376","104.278047"
114,"CHHA010","Chhnok Tru","Kampong Chhnang","កំពង់ឆ្នាំង","Baribour","បរិបូណ៌","12.50071","104.4547"
115,"CHHA011","Svay Chrum","Kampong Chhnang","កំពង់ឆ្នាំង","Rolea B'ier","រលាប្អៀរ","12.279551","104.591655"
116,"CHHA012","Trangel","Kampong Chhnang","កំពង់ឆ្នាំង","Kampong Leaeng","កំពង់លែង","12.2854","104.729588"
117,"CHHA013","Phsar","Kampong Chhnang","កំពង់ឆ្នាំង","Baribour","បរិបូណ៌","12.381489","104.487486"
118,"CHHA014","Krang Leav","Kampong Chhnang","កំពង់ឆ្នាំង","Rolea B'ier","រលាប្អៀរ","12.26828","104.610975"
119,"CHHA015","Chrey Bak","Kampong Chhnang","កំពង់ឆ្នាំង","Rolea B'ier","រលាប្អៀរ","12.198668","104.653831"
120,"CHHA016","Chieb","Kampong Chhnang","កំពង់ឆ្នាំង","Tuek Phos","ទឹកផុស","12.257837","104.660942"
121,"CHHA017","Prey Kri 02","Kampong Chhnang","កំពង់ឆ្នាំង","Chol Kiri","ជលគីរី","12.257837","104.660942"
122,"CHHA018","Rolea B'ier","Kampong Chhnang","កំពង់ឆ្នាំង","Rolea B'ier","រលាប្អៀរ","12.236872","104.669272"
123,"CHHA019","Kampong Chhnang","Kampong Chhnang","កំពង់ឆ្នាំង","Kampong Chhnang","កំពង់ឆ្នាំង","12.246661","104.671258"
124,"CHHA020","Krang Lvea","Kampong Chhnang","កំពង់ឆ្នាំង","Sameakki Mean Chey","សាមគ្គីមានជ័យ","11.973961","104.561273"
125,"CHHA021","Lungveaek","Kampong Chhnang","កំពង់ឆ្នាំង","Kampong Chhnang","កំពង់ឆ្នាំង","11.889892","104.708955"
126,"CHHA022","B'er","Kampong Chhnang","កំពង់ឆ្នាំង","Kampong Chhnang","កំពង់ឆ្នាំង","12.257863","104.660945"
127,"CHHA023","Rolea Bier","Kampong Chhnang","កំពង់ឆ្នាំង","Kampong Chhnang","កំពង់ឆ្នាំង","12.166712","104.66471"
128,"CHHA024","Phsar Trach","Kampong Chhnang","កំពង់ឆ្នាំង","Baribour","បរិបូណ៌","11.840042","104.716812"
129,"CHHP001","Kampong Chhnang","Kampong Chhnang","កំពង់ឆ្នាំង","Kampong Chhnang","កំពង់ឆ្នាំង","12.259851","104.67255"
130,"CHHS001","Kampong Chhnang","Kampong Chhnang","កំពង់ឆ្នាំង","Kampong Chhnang","កំពង់ឆ្នាំង","12.2529466","104.6681428"
131,"CHHS002","Peani","Kampong Chhnang","កំពង់ឆ្នាំង","Kampong Tralach","កំពង់ត្រឡាច","11.9371944","104.7135"
132,"KAMA001","Banteay Meas Khang Kaeut","Kampot","កំពត","Banteay Meas","បន្ទាយមាស","10.646252","104.655786"
133,"KAMA002","Tnoat Chong Srang","Kampot","កំពត","Banteay Meas","បន្ទាយមាស","10.590003","104.690418"
134,"KAMA003","Preaek Kroes","Kampot","កំពត","Kampong Trach","កំពង់ត្រាច","10.540408","104.580345"
135,"KAMA005","Chhuk 01","Kampot","កំពត","Chhuk","ឈូក","10.766813","104.495433"
136,"KAMA007","Phnum Kong","Kampot","កំពត","Angkor Chey","អង្គរជ័យ","10.774704","104.663157"
137,"KAMA008","Lbaeuk","Kampot","កំពត","Chhuk","ឈូក","10.826849","104.372241"
138,"KAMA009","Dang Tung 01","Kampot","កំពត","Kampot","កំពត","10.769814","104.373538"
139,"KAMA010","Koun Sat","Kampot","កំពត","Tuek Chhou","ទឹកឈូ","10.601968","104.279321"
140,"KAMA011","Chhuk 02","Kampot","កំពត","Chhuk","ឈូក","10.833158","104.450881"
141,"KAMA012","Kaoh Touch","Kampot","កំពត","Bokor","បូកគោ","10.559037","104.083316"
142,"KAMA013","Trapeang Reang","Kampot","កំពត","Chum Kiri","ជុំគិរី","10.922155","104.423925"
143,"KAMA014","Dang Tung 02","Kampot","កំពត","Kampot","កំពត","10.70057","104.44922"
144,"KAMA015","Preaek Tnaot 01","Kampot","កំពត","Kampot","កំពត","10.578851","103.993994"
145,"KAMA016","Prey Thnang","Kampot","កំពត","Tuek Chhou","ទឹកឈូ","10.69138","104.253991"
146,"KAMA017","Trapeang Sangkae","Kampot","កំពត","Tuek Chhou","ទឹកឈូ","10.592727","104.247785"
147,"KAMA018","Kampong Kandal","Kampot","កំពត","Kampot","កំពត","10.603561","104.186762"
148,"KAMA019","Ruessei Srok Khang Lech 01","Kampot","កំពត","Kampong Trach","កំពង់ត្រាច","10.432794","104.448912"
149,"KAMA020","Kampong Trach Khang Kaeut","Kampot","កំពត","Kampong Trach","កំពង់ត្រាច","10.558688","104.467121"
150,"KAMA021","Trapeang Sala Khang Kaeut","Kampot","កំពត","Banteay Meas","បន្ទាយមាស","10.705028","104.620335"
151,"KAMA022","Praphnum","Kampot","កំពត","Angkor Chey","អង្គរជ័យ","10.839616","104.650137"
152,"KAMA023","Ruessei Srok Khang Lech 02","Kampot","កំពត","Kampong Trach","កំពង់ត្រាច","10.491692","104.457715"
153,"KAMA024","Ang Sophi","Kampot","កំពត","Kampot","កំពត","10.55492","104.499998"
154,"KAMA025","Damnak Kantuot Khang Cheung","Kampot","កំពត","Kampong Trach","កំពង់ត្រាច","10.616107","104.451051"
155,"KAMA026","L ang","Kampot","កំពត","Kampot","កំពត","10.741902","104.341575"
156,"KAMA027","Tuk Meas Khang Lech","Kampot","កំពត","Banteay Meas","បន្ទាយមាស","10.666234","104.560236"
157,"KAMA028","Preaek Tnaot 02","Kampot","កំពត","Kampot","កំពត","10.612442","103.931604"
158,"KAMA029","Dambouk Khpuos","Kampot","កំពត","Kampot","កំពត","10.776852","104.568238"
159,"KAMA030","Dong Tong","Kampot","កំពត","Kampot","កំពត","10.62885","104.47109"
160,"KAMA031","KampongTrach","Kampot","កំពត","Kampong Trach","កំពង់ត្រាច","10.447786","104.437666"
161,"KAMP001","Kampot","Kampot","កំពត","Kampot","កំពត","10.619812","104.182473"
162,"KAMS001","Krang Ampil","Kampot","កំពត","Kampot","កំពត","10.6143893","104.1821269"
163,"KAMS002","Tuk Meas Khang Lech","Kampot","កំពត","Banteay Meas","បន្ទាយមាស","10.667472","104.560635"
164,"KAMS003","Satv Pong","Kampot","កំពត","Chhuk","ឈូក","10.835357","104.454835"
165,"SPEA006","Chhuk","Kampot","កំពត","Chhuk","ឈូក","11.131556","104.151154"
166,"KANA001","Preaek Chrey","Kandal","កណ្តាល","Ta Khmau","តាខ្មៅ","10.96737","105.10423"
167,"KANA002","Sampov Pun 01","Kandal","កណ្តាល","Ta Khmau","តាខ្មៅ","11.027526","105.05863"
168,"KANA003","Pou Ban 01","Kandal","កណ្តាល","Ta Khmau","តាខ្មៅ","11.195817","105.061087"
169,"KANA004","Settak bou","Kandal","កណ្តាល","Ta Khmau","តាខ្មៅ","11.455657","105.029998"
170,"KANA005","Svay Rolum","Kandal","កណ្តាល","Ta Khmau","តាខ្មៅ","11.455178","104.999608"
171,"KANA006","Krang Youv","Kandal","កណ្តាល","Ta Khmau","តាខ្មៅ","11.292181","104.947988"
172,"KANA007","Khpob","Kandal","កណ្តាល","Leuk Daek","លើកដែក","11.265877","105.033555"
173,"KANA008","Khpob Ateav","Kandal","កណ្តាល","Leuk Daek","លើកដែក","11.058028","105.191104"
174,"KANA009","Kokir Thum","Kandal","កណ្តាល","Kien Svay","កៀនស្វាយ","11.3343","105.241244"
175,"KANA010","Samraong Thum","Kandal","កណ្តាល","Kien Svay","កៀនស្វាយ","11.398369","105.236634"
176,"KANA011","Cheung Kaeub","Kandal","កណ្តាល","Kandal Stueng","កណ្ដាលស្ទឹង","11.42506","104.875069"
177,"KANA012","Dei Ed","Kandal","កណ្តាល","Kien Svay","កៀនស្វាយ","11.493478","105.097377"
178,"KANA013","Chheu Teal 01","Kandal","កណ្តាល","Kien Svay","កៀនស្វាយ","11.464371","104.977234"
179,"KANA014","Chheu Teal 02","Kandal","កណ្តាល","Kien Svay","កៀនស្វាយ","11.468815","105.025253"
180,"KANA017","Preaek Anhchanh","Kandal","កណ្តាល","Mukh Kampul","មុខកំពូល","11.741298","104.98207"
181,"KANA018","Roka Kaong Ti Muoy","Kandal","កណ្តាល","Kandal Stueng","កណ្ដាលស្ទឹង","11.848625","104.994513"
182,"KANA019","Kampong Luong","Kandal","កណ្តាល","Ponhea Lueu","ពញាឮ","11.819205","104.802207"
183,"KANA020","Preaek Koy","Kandal","កណ្តាល","S'ang","ស្អាង","11.367409","105.004007"
184,"KANA021","Preaek Hour 01","Kandal","កណ្តាល","Ta Khmau","តាខ្មៅ","11.456473","104.932033"
185,"KANA022","Cheung Kaeub","Kandal","កណ្តាល","Kandal Stueng","កណ្ដាលស្ទឹង","11.439455","104.892452"
186,"KANA023","Preaek Hour 02","Kandal","កណ្តាល","Ta Khmau","តាខ្មៅ","11.4466","104.88001"
187,"KANA024","Daeum Rues","Kandal","កណ្តាល","Kandal Stueng","កណ្ដាលស្ទឹង","11.418343","104.791698"
188,"KANA026","Traeuy Sla","Kandal","កណ្តាល","S'ang","ស្អាង","11.319958","105.067528"
189,"KANA027","Preaek Ruessei","Kandal","កណ្តាល","Lvea Aem","ល្វាឯម","11.470329","104.936806"
190,"KANA028","Siem Reab","Kandal","កណ្តាល","Kandal Stueng","កណ្ដាលស្ទឹង","11.389382","104.863461"
191,"KANA029","Kampong Samnanh","Kandal","កណ្តាល","Ta Khmau","តាខ្មៅ","11.460466","104.942209"
192,"KANA031","Preaek Ta Meak","Kandal","កណ្តាល","Khsach Kandal","ខ្សាច់កណ្ដាល","11.749088","105.011697"
193,"KANA033","Preaek Rey","Kandal","កណ្តាល","Lvea Aem","ល្វាឯម","11.528229","105.14387"
194,"KANA034","Roka Khpuos","Kandal","កណ្តាល","Kandal Stueng","កណ្ដាលស្ទឹង","11.420457","104.983317"
195,"KANA036","Sambuor Meas","Kandal","កណ្តាល","Lvea Aem","ល្វាឯម","11.667183","104.866842"
196,"KANA037","Sambuor","Kandal","កណ្តាល","Lvea Aem","ល្វាឯម","11.47773","105.162037"
197,"KANA038","Preaek Ruessei","Kandal","កណ្តាល","Lvea Aem","ល្វាឯម","11.4686","105.209882"
198,"KANA039","Chheu Khmau","Kandal","កណ្តាល","Ta Khmau","តាខ្មៅ","11.048601","105.077687"
199,"KANA040","Sampov Pun 02","Kandal","កណ្តាល","Ta Khmau","តាខ្មៅ","10.954919","105.07873"
200,"KANA041","Leuk Daek","Kandal","កណ្តាល","Kaoh Thum","កោះធំ","11.130317","105.130143"
201,"KANA042","Pou Ban 02","Kandal","កណ្តាល","Ta Khmau","តាខ្មៅ","11.182247","104.074302"
202,"KANA043","Puk Ruessei","Kandal","កណ្តាល","Khsach Kandal","ខ្សាច់កណ្ដាល","11.684915","104.968129"
203,"KANA044","Svay Romiet 01","Kandal","កណ្តាល","Khsach Kandal","ខ្សាច់កណ្ដាល","11.795103","105.015382"
204,"KANA045","Svay Romiet 02","Kandal","កណ្តាល","Khsach Kandal","ខ្សាច់កណ្ដាល","11.8122","105.038624"
205,"KANA046","Prek Krabao Ti 2","Kandal","កណ្តាល","Ta Khmau","តាខ្មៅ","11.6601777","104.96405"
206,"KANA049","Roka","Kandal","កណ្តាល","Kandal Stueng","កណ្ដាលស្ទឹង","11.451665","104.720281"
207,"KANA066","Wat Prek Ampil","Kandal","កណ្តាល","Ta Khmau","តាខ្មៅ","11.647094","104.957062"
208,"KANP001","Ta Khmau","Kandal","កណ្តាល","Ta Khmau","តាខ្មៅ","11.4777335","104.9487032"
209,"KANS001","Ta Khmao","Kandal","កណ្តាល","Ta Khmau","តាខ្មៅ","11.473225","104.94918"
210,"KANS002","Kokir","Kandal","កណ្តាល","Kien Svay","កៀនស្វាយ","11.511094","105.048311"
211,"KANS003","Preaek Thmei","Kandal","កណ្តាល","Kandal Stueng","កណ្ដាលស្ទឹង","11.133705","105.057119"
212,"KANS004","Preaek Anhchanh","Kandal","កណ្តាល","Mukh Kampul","មុខកំពូល","11.738","104.9776"
213,"KANS005","Baek Chan","Kandal","កណ្តាល","Angk Snuol","អង្គស្នួល","11.509273","104.741863"
214,"KEPA001","Ou Krasar","Kep","កែប","Kaeb","កែប","10.55536","104.2883"
215,"KEPA002","Damnak Chang Aeur","Kep","កែប","Battambang","បាត់ដំបង","10.576537","104.390497"
216,"KOHA001","Dang Tung","Koh Kong","កោះកុង","Khemarak Phoumin","ខេមរភូមិន្ទ","11.595865","102.979171"
217,"KOHA002","Trapeang Rung","Koh Kong","កោះកុង","Kaoh Kong","កោះកុង","11.379754","103.257654"
218,"KOHA003","Andoung Tuek","Koh Kong","កោះកុង","Botum Sakor","បុទុមសាគរ","11.18609","103.468786"
219,"KOHA004","Dang Tung 02","Koh Kong","កោះកុង","Khemarak Phoumin","ខេមរភូមិន្ទ","11.608304","102.982362"
220,"KOHA005","Srae Ambel","Koh Kong","កោះកុង","Srae Ambel","ស្រែ អំបិល","11.1860333","103.4687297"
221,"KOHA006","Srae Ambel","Koh Kong","កោះកុង","Srae Ambel","ស្រែ អំបិល","11.122887","103.745922"
222,"KOHA007","Phnhi Meas","Koh Kong","កោះកុង","Kiri Sakor","គិរីសាគរ","10.990343","103.2221"
223,"KOHA008","Pak Khlang","Koh Kong","កោះកុង","Mondol Seima","មណ្ឌលសីមា","11.642346","102.922879"
224,"KOHA009","Ruessei Chrum","Koh Kong","កោះកុង","Thma Bang","ថ្មបាំង","11.683293","103.44224"
225,"KOHA010","Smach Mean Chey","Koh Kong","កោះកុង","Khemara Phoumin","ខេមរភូមិន្ទ","11.61593","102.98466"
226,"KOHA012","Cham Yeam","Koh Kong","កោះកុង","Khemarak Phoumin","ខេមរភូមិន្ទ","11.383526","102.5550684"
227,"KOHP001","Khemmeakrakphumin","Koh Kong","កោះកុង","Khemarak Phoumin","ខេមរភូមិន្ទ","11.61075","102.978804"
228,"KOHS001","Smach Mean Chey","Koh Kong","កោះកុង","Khemara Phoumin","ខេមរភូមិន្ទ","11.6154","102.98474"
229,"HUBKRA01","Hub vùng HUBKRA01","Kratie","ក្រចេះ","Kratie","ក្រចេះ","11.60057282320601","105.7085677384363"
230,"KRAA001","Sambok","Kratie","ក្រចេះ","Chetr Borei","ចិត្របុរី","12.5903","106.0265"
231,"KRAA003","Chhloung","Kratie","ក្រចេះ","Chhloung","ឆ្លូង","12.252597","105.977067"
232,"KRAA004","Kbal Damrei","Kratie","ក្រចេះ","Or Krieng Saenchay","អូរគ្រៀងសែនជ័យ","12.86919","106.198153"
233,"KRAA005","Svay Chreah","Kratie","ក្រចេះ","Snuol","ស្នួល","12.320298","106.324222"
234,"KRAA006","Kranhung Saen Chey","Kratie","ក្រចេះ","Kratie","ក្រចេះ","12.129537","106.653759"
235,"KRAA007","Ou Krieng","Kratie","ក្រចេះ","Or Krieng Saenchay","អូរគ្រៀងសែនជ័យ","13.043829","106.180606"
236,"KRAA008","Sambour","Kratie","ក្រចេះ","Sambour","សំបូរ","12.776424","105.964835"
237,"KRAA009","Sandan","Kratie","ក្រចេះ","Sambour","សំបូរ","12.689547","106.021083"
238,"KRAA010","Chambak","Kratie","ក្រចេះ","Kratie","ក្រចេះ","12.278305","105.801464"
239,"KRAA012","Kanhchor","Kratie","ក្រចេះ","Chhloung","ឆ្លូង","12.33255","106.052751"
240,"KRAP001","Kracheh","Kratie","ក្រចេះ","Kracheh","ក្រចេះ","12.482385","106.020364"
241,"KRAS001","Kracheh","Kratie","ក្រចេះ","Kracheh","ក្រចេះ","12.4896","106.016"
242,"KRAS002","Snuol","Kratie","ក្រចេះ","Snuol","ស្នួល","12.0746","106.4211"
243,"KRAS003","Chhloung","Kratie","ក្រចេះ","Chhloung","ឆ្លូង","12.2569","105.9602"
244,"KRAS004","Sambour","Kratie","ក្រចេះ","Sambour","សំបូរ","12.774535","105.964866"
245,"KRAS005","Preaek Prasab","Kratie","ក្រចេះ","Prek Prasab","ព្រែកប្រសព្វ","12.35199","106.03661"
246,"MONA001","Chong Phlah","Mondul Kiri","មណ្ឌលគិរី","Kaev Seima","កែវសីមា","12.614578","106.876878"
247,"MONA002","Dak Dam","Mondul Kiri","មណ្ឌលគិរី","Ou Reang","អូររាំង","12.423385","107.312825"
248,"MONA003","Srae Sangkum","Mondul Kiri","មណ្ឌលគិរី","Kaoh Nheaek","កោះញែក","13.075742","107.044095"
249,"MONA004","Bu Sra","Mondul Kiri","មណ្ឌលគិរី","Pech Chreada","ពេជ្រាដា","12.541149","107.431679"
250,"MONA005","Pu Chrey","Mondul Kiri","មណ្ឌលគិរី","Pech Chreada","ពេជ្រាដា","12.684758","107.218298"
251,"MONA006","Srae Ampum","Mondul Kiri","មណ្ឌលគិរី","Pech Chreada","ពេជ្រាដា","12.541868","107.337129"
252,"MONA007","Srae Khtum","Mondul Kiri","មណ្ឌលគិរី","Kaev Seima","កែវសីមា","12.112262","106.886145"
253,"MONA008","Srae Chhuk","Mondul Kiri","មណ្ឌលគិរី","Kaev Seima","កែវសីមា","12.139465","106.718123"
254,"MONP001","Mondulkiri","Mondul Kiri","មណ្ឌលគិរី","Senmonorom","សែនមនោរម្យ","12.457818","107.187645"
255,"MONS001","Spean Mean Chey","Mondul Kiri","មណ្ឌលគិរី","Saen Monourom","សែនមនោរម្យ","12.454312","107.187197"
256,"ODDA001","Anlung Veaeng 01","Oddar Meanchey","ឧត្តរមានជ័យ","Samraong","សំរោង","14.08214","104.095182"
257,"ODDA002","Anlung Veaeng 02","Oddar Meanchey","ឧត្តរមានជ័យ","Samraong","សំរោង","14.232786","104.080505"
258,"ODDA003","Trapeang Tav","Oddar Meanchey","ឧត្តរមានជ័យ","Anlong Veaeng","អន្លង់វែង","14.22539","103.897009"
259,"ODDA004","Trapeang Prasat 01","Oddar Meanchey","ឧត្តរមានជ័យ","Trapeang Prasat","ត្រពាំងប្រាសាទ","14.19811","104.356795"
260,"ODDA005","Trapeang Prasat 02","Oddar Meanchey","ឧត្តរមានជ័យ","Trapeang Prasat","ត្រពាំងប្រាសាទ","14.112373","104.342542"
261,"ODDA006","Samraong","Oddar Meanchey","ឧត្តរមានជ័យ","Samraong","សំរោង","14.177446","103.507004"
262,"ODDA007","Chong Kal","Oddar Meanchey","ឧត្តរមានជ័យ","Chong Kal","ចុងកាល់","13.961066","103.572905"
263,"ODDA008","Kouk Mon","Oddar Meanchey","ឧត្តរមានជ័យ","Banteay Ampil","បន្ទាយអំពិល","14.161922","103.288798"
264,"ODDP001","Samraong","Oddar Meanchey","ឧត្តរមានជ័យ","Samraong","សំរោង","14.171544","103.511342"
265,"ODDS001","Samraong","Oddar Meanchey","ឧត្តរមានជ័យ","Samraong","សំរោង","14.17525","103.5071667"
266,"ODDS002","Anlung Veaeng","Oddar Meanchey","ឧត្តរមានជ័យ","Samraong","សំរោង","14.230011","104.0781543"
267,"PAIA001","Pailin","Pailin","ប៉ៃលិន","Pailin","ប៉ៃលិន","12.857257","102.604963"
268,"PAIA002","Sala Krau","Pailin","ប៉ៃលិន","Sala Krau","សាលាក្រៅ","12.948435","102.591515"
269,"PAIA003","Stueng Kach","Pailin","ប៉ៃលិន","Sala Krau","សាលាក្រៅ","12.934088","102.501392"
270,"PAIS001","Pailin","Pailin","ប៉ៃលិន","Pailin","ប៉ៃលិន","12.857211","102.604989"
271,"PNPA001","Prey Sa","Phnom Penh","ភ្នំពេញ","Dangkao","ដង្កោ","11.500609","104.858078"
272,"PNPA002","Oulampik 01","Phnom Penh","ភ្នំពេញ","Chamkar Mon","ចំការមន","11.55307","104.91135"
273,"PNPA003","Tuek Thla 01","Phnom Penh","ភ្នំពេញ","Saensokh","សែនសុខ","11.556812","104.881281"
274,"PNPA004","Chaom Chau Ti Pir","Phnom Penh","ភ្នំពេញ","Chamkar Mon","ចំការមន","11.534467","104.84961"
275,"PNPA005","Trapeang Thloeng 4","Phnom Penh","ភ្នំពេញ","Chamkar Mon","ចំការមន","11.531301","104.860961"
276,"PNPA006","Kakab Ti Pir","Phnom Penh","ភ្នំពេញ","Chamkar Mon","ចំការមន","11.563","104.8416"
277,"PNPA007","Dangkao","Phnom Penh","ភ្នំពេញ","Dangkao","ដង្កោ","11.5153","104.8856"
278,"PNPA008","Stueng Mean Chey Ti Bei","Phnom Penh","ភ្នំពេញ","Chamkar Mon","ចំការមន","11.5293","104.8768"
279,"PNPA013","Kamboul","Phnom Penh","ភ្នំពេញ","Kamboul","កំបូល","11.4411","104.7519"
280,"PNPA016","Angk Snuol","Phnom Penh","ភ្នំពេញ","Chamkar Mon","ចំការមន","11.509205","104.750279"
281,"PNPA017","SOMOL MONORITH","Phnom Penh","ភ្នំពេញ","Chamkar Mon","ចំការមន","11.535556","104.761811"
282,"PNPA019","Ta Nuon","Phnom Penh","ភ្នំពេញ","Chamkar Mon","ចំការមន","11.535552","104.761817"
283,"PNPA020","Tuol Svay Prey Ti Pir","Phnom Penh","ភ្នំពេញ","Boeng Keng Kang","បឹងកេងកង","11.551024","104.904515"
284,"PNPA022","Tien","Phnom Penh","ភ្នំពេញ","Dangkao","ដង្កោ","11.44122","104.855906"
285,"PNPA023","Chaom Chau Ti Pir","Phnom Penh","ភ្នំពេញ","Chamkar Mon","ចំការមន","11.52833","104.844216"
286,"PNPA024","Kakab Ti Muoy","Phnom Penh","ភ្នំពេញ","Chamkar Mon","ចំការមន","11.561142","104.841369"
287,"PNPA025","Chaom Chau Ti Muoy 01","Phnom Penh","ភ្នំពេញ","Chamkar Mon","ចំការមន","11.531051","104.809553"
288,"PNPA026","Stueng Mean Chey Ti Muoy","Phnom Penh","ភ្នំពេញ","Chamkar Mon","ចំការមន","11.525871","104.875463"
289,"PNPA027","Boeng Tumpun Ti Pir","Phnom Penh","ភ្នំពេញ","Chamkar Mon","ចំការមន","11.514045","104.920608"
290,"PNPA028","Chaom Chau Ti Muoy 02","Phnom Penh","ភ្នំពេញ","Chamkar Mon","ចំការមន","11.5215","104.8725"
291,"PNPA029","Stueng Mean Chey Ti Pir","Phnom Penh","ភ្នំពេញ","Chamkar Mon","ចំការមន","11.524998","104.89214"
292,"PNPA030","Stueng Mean Chey Ti Muoy","Phnom Penh","ភ្នំពេញ","Chamkar Mon","ចំការមន","11.548701","104.896919"
293,"PNPA031","Dangkao 01","Phnom Penh","ភ្នំពេញ","Dangkao","ដង្កោ","11.5064","104.8867"
294,"PNPA032","Spean Thma","Phnom Penh","ភ្នំពេញ","Dangkao","ដង្កោ","11.4607","104.8898"
295,"PNPA033","Cheung Aek","Phnom Penh","ភ្នំពេញ","Dangkao","ដង្កោ","11.495626","104.893718"
296,"PNPA034","Dangkao 02","Phnom Penh","ភ្នំពេញ","Dangkao","ដង្កោ","11.43287","105.59722"
297,"PNPA035","Ruessei Kaev 01","Phnom Penh","ភ្នំពេញ","Russey Keo","ឫស្សីកែវ","11.612098","104.916483"
298,"PNPA036","Phsar Daeum Kor","Phnom Penh","ភ្នំពេញ","Tuol Kouk","ទួលគោក","11.5558","104.903971"
299,"PNPA037","Ruessei Kaev 02","Phnom Penh","ភ្នំពេញ","Russey Keo","ឫស្សីកែវ","11.60771","104.910754"
300,"PNPA038","Kouk Khleang","Phnom Penh","ភ្នំពេញ","Saensokh","សែនសុខ","11.597575","104.868313"
301,"PNPA039","Phnum Penh Thmei","Phnom Penh","ភ្នំពេញ","Chamkar Mon","ចំការមន","11.572758","104.871636"
302,"PNPA040","Tuek Thla 02","Phnom Penh","ភ្នំពេញ","Saensokh","សែនសុខ","11.553224","104.885042"
303,"PNPA041","Oulampik 02","Phnom Penh","ភ្នំពេញ","Chamkar Mon","ចំការមន","11.554833","104.910783"
304,"PNPA043","Preaek Pra","Phnom Penh","ភ្នំពេញ","Chbar Ampov","ច្បារអំពៅ","11.5047","104.9453"
305,"PNPA044","Phsar Chas","Phnom Penh","ភ្នំពេញ","Doun Penh","ដូនពេញ","11.572105","104.924878"
306,"PNPA045","Boeng Proluet","Phnom Penh","ភ្នំពេញ","Prampir Meakkakra","៧មករា","11.561033","104.91571"
307,"PNPA046","Chaom Chau Ti Bei 01","Phnom Penh","ភ្នំពេញ","Chamkar Mon","ចំការមន","11.532243","104.832501"
308,"PNPA047","Phsar Thmei Ti Bei","Phnom Penh","ភ្នំពេញ","Doun Penh","ដូនពេញ","11.567417","104.92398"
309,"PNPA048","Chrang Chamreh Ti Pir","Phnom Penh","ភ្នំពេញ","Russey Keo","ឫស្សីកែវ","11.630997","104.903476"
310,"PNPA051","Tuek L'ak Ti Bei","Phnom Penh","ភ្នំពេញ","Tuol Kouk","ទួលគោក","11.55678","104.893393"
311,"PNPA052","Chak Angrae Kraom","Phnom Penh","ភ្នំពេញ","Mean Chey","មានជ័យ","11.50926","104.937224"
312,"PNPA055","Boeng Tumpun Ti Muoy","Phnom Penh","ភ្នំពេញ","Chamkar Mon","ចំការមន","11.520161","104.916818"
313,"PNPA059","Phsar Toch","Phnom Penh","ភ្នំពេញ","Chamkar Mon","ចំការមន","11.590202","104.916787"
314,"PNPA060","Phsar Thmei Ti Muoy","Phnom Penh","ភ្នំពេញ","Doun Penh","ដូនពេញ","11.570329","104.921707"
315,"PNPA062","ST47 Srah Chak","Phnom Penh","ភ្នំពេញ","Doun Penh","ដូនពេញ","11.563909","104.917933"
316,"PNPA064","Prey Pring Khang Tboung 2","Phnom Penh","ភ្នំពេញ","Chamkar Mon","ចំការមន","11.524598","104.826706"
317,"PNPA065","Phum2 Ou Ruessei Ti Pir Prampir Meakkara","Phnom Penh","ភ្នំពេញ","Prampir Meakkakra","៧មករា","11.565177","104.914885"
318,"PNPA069","Ou Baek K am","Phnom Penh","ភ្នំពេញ","Chamkar Mon","ចំការមន","11.5524","104.8851"
319,"PNPA070","Nirouth","Phnom Penh","ភ្នំពេញ","Chbar Ampov","ច្បារអំពៅ","11.519818","104.945927"
320,"PNPA071","Chong Khsach","Phnom Penh","ភ្នំពេញ","Chamkar Mon","ចំការមន","11.588579","104.915295"
321,"PNPA072","Phsar Toch","Phnom Penh","ភ្នំពេញ","Chamkar Mon","ចំការមន","11.590341","104.907171"
322,"PNPA073","Phsar Depou Ti Pir Phum 2","Phnom Penh","ភ្នំពេញ","Tuol Kouk","ទួលគោក","11.566332","104.905016"
323,"PNPA074","Tuek Thla","Phnom Penh","ភ្នំពេញ","Saensokh","សែនសុខ","11.5576","104.8686"
324,"PNPA079","Kab Phluk","Phnom Penh","ភ្នំពេញ","Chamkar Mon","ចំការមន","11.502116","104.806126"
325,"PNPA080","Phleung Chheh Roteh","Phnom Penh","ភ្នំពេញ","Kamboul","កំបូល","11.491788","104.81429"
326,"PNPA081","Phsar Thmei Ti Bei Phum 3","Phnom Penh","ភ្នំពេញ","Doun Penh","ដូនពេញ","11.565271","104.923624"
327,"PNPA087","Boeng Tumpun Ti Muoy","Phnom Penh","ភ្នំពេញ","Chamkar Mon","ចំការមន","11.530862","104.912548"
328,"PNPA088","Chaom Chau Ti Bei 02","Phnom Penh","ភ្នំពេញ","Chamkar Mon","ចំការមន","11.537322","104.815671"
329,"PNPA091","Chaom Chau 2 Phum 1","Phnom Penh","ភ្នំពេញ","Pur SenChey","ពោធិ៍សែនជ័យ","11.52026","104.806014"
330,"PNPA095","Wat Nirouth","Phnom Penh","ភ្នំពេញ","Chbar Ampov","ច្បារអំពៅ","11.522177","104.9465878"
331,"PNPA096","Tuek L ak Ti Bei Phum 2","Phnom Penh","ភ្នំពេញ","Chamkar Mon","ចំការមន","11.566","104.89096"
332,"PNPA100","Tuol Pongro","Phnom Penh","ភ្នំពេញ","Chamkar Mon","ចំការមន","11.513179","104.858848"
333,"PNPP001","Chamkar Mon","Phnom Penh","ភ្នំពេញ","Chamkar Mon","ចំការមន","11.5498322","104.9003168"
334,"PNPP002","Mean Chey 01","Phnom Penh","ភ្នំពេញ","Chamkar Mon","ចំការមន","11.5121","104.93619"
335,"PNPP003","Mean Chey 02","Phnom Penh","ភ្នំពេញ","Chamkar Mon","ចំការមន","11.547075","104.884"
336,"PNPP004","Preaek Pnov","Phnom Penh","ភ្នំពេញ","Chamkar Mon","ចំការមន","11.6583","104.8637"
337,"PNPP005","Chbar Ampov","Phnom Penh","ភ្នំពេញ","Chbar Ampov","ច្បារអំពៅ","11.5317","104.9369"
338,"PNPP006","Tuol Kouk","Phnom Penh","ភ្នំពេញ","Chamkar Mon","ចំការមន","11.5903","104.8974"
339,"PNPP007","Boeng Keng Kang","Phnom Penh","ភ្នំពេញ","Boeng Keng Kang","បឹងកេងកង","11.55514","104.915931"
340,"PNPP008","Pou Saen Chey 01","Phnom Penh","ភ្នំពេញ","Chamkar Mon","ចំការមន","11.561082","104.853001"
341,"PNPP009","Pou Saen Chey 02","Phnom Penh","ភ្នំពេញ","Chamkar Mon","ចំការមន","11.5302","104.8521"
342,"PNPP010","Chraoy Chongvar","Phnom Penh","ភ្នំពេញ","Chamkar Mon","ចំការមន","11.6407","104.918"
343,"PNPP011","Dangkao","Phnom Penh","ភ្នំពេញ","Dangkao","ដង្កោ","11.50786","104.8915"
344,"PNPP012","Kamboul","Phnom Penh","ភ្នំពេញ","Kamboul","កំបូល","11.518005","104.774501"
345,"PNPP013","Saen Sokh","Phnom Penh","ភ្នំពេញ","Chamkar Mon","ចំការមន","11.590052","104.876093"
346,"PNPP014","Doun Penh","Phnom Penh","ភ្នំពេញ","Chamkar Mon","ចំការមន","11.56927","104.91889"
347,"PNPS001","Phsar Thmei Ti Muoy","Phnom Penh","ភ្នំពេញ","Doun Penh","ដូនពេញ","11.566858","104.920799"
348,"PNPS002","Boeng Kak Ti Pir","Phnom Penh","ភ្នំពេញ","Tuol Kouk","ទួលគោក","11.573333","104.897194"
349,"PNPS003","Nirouth","Phnom Penh","ភ្នំពេញ","Chbar Ampov","ច្បារអំពៅ","11.531241","104.941846"
350,"PNPS004","Tuek Thla","Phnom Penh","ភ្នំពេញ","Saensokh","សែនសុខ","11.562672","104.877815"
351,"PNPS005","Chaom Chau Ti Muoy 01","Phnom Penh","ភ្នំពេញ","Chamkar Mon","ចំការមន","11.532352","104.832526"
352,"PNPS006","Srah Chak","Phnom Penh","ភ្នំពេញ","Doun Penh","ដូនពេញ","11.585659","104.915881"
353,"PNPS007","Tuol Svay Prey Ti Pir","Phnom Penh","ភ្នំពេញ","Boeng Keng Kang","បឹងកេងកង","11.550046","104.904741"
354,"PNPS008","Chaom Chau Ti Muoy 02","Phnom Penh","ភ្នំពេញ","Chamkar Mon","ចំការមន","11.532598","104.870151"
355,"TEST","MAPBCCS","Phnom Penh","ភ្នំពេញ","Chamkar Mon","ចំការមន","11.55094","104.93591"
356,"PRE040","Pea REANG","Prey Veng","ព្រៃវែង","Prey Veng","ព្រៃវែង","11.707276","105.15678"
357,"PREA001","Prey Pnov 01","Prey Veng","ព្រៃវែង","Pea Reang","ពារាំង","11.611617","105.367041"
358,"PREA002","Prey Kanlaong","Prey Veng","ព្រៃវែង","Pur Rieng","ពោធិ៍រៀង","11.548952","105.321298"
359,"PREA003","Svay Antor 01","Prey Veng","ព្រៃវែង","Svay Antor","ស្វាយអន្ទរ","11.571646","105.420105"
360,"PREA004","Svay Antor 02","Prey Veng","ព្រៃវែង","Svay Antor","ស្វាយអន្ទរ","11.59789","105.420474"
361,"PREA005","Preaek Ta Sar","Prey Veng","ព្រៃវែង","Pur Rieng","ពោធិ៍រៀង","11.5544","105.127824"
362,"PREA006","Prey Daeum Thnoeng","Prey Veng","ព្រៃវែង","Sithor Kandal","ស៊ីធរកណ្ដាល","11.775516","105.369815"
363,"PREA007","Roka","Prey Veng","ព្រៃវែង","Peam Chor","ពាមជរ","11.664424","105.225004"
364,"PREA008","Prey Pnov 02","Prey Veng","ព្រៃវែង","Pea Reang","ពារាំង","11.648247","105.34067"
365,"PREA009","Smaong Khang Cheung","Prey Veng","ព្រៃវែង","Kamchay Mear","កំចាយមារ","11.553368","105.600953"
366,"PREA010","Tnaot","Prey Veng","ព្រៃវែង","Kanhchriech","កញ្ជ្រៀច","11.743958","105.530275"
367,"PREA011","Kranhung","Prey Veng","ព្រៃវែង","Kamchay Mear","កំចាយមារ","11.575922","105.662392"
368,"PREA012","Chres 01","Prey Veng","ព្រៃវែង","Me Sang","មេសាង","11.342191","105.622593"
369,"PREA013","Prasat","Prey Veng","ព្រៃវែង","Kampong Trabaek","កំពង់ត្របែក","11.147729","105.541211"
370,"PREA014","Angkor Sar","Prey Veng","ព្រៃវែង","Me Sang","មេសាង","11.268447","105.667765"
371,"PREA015","Banteay Chakrei 01","Prey Veng","ព្រៃវែង","Preah Sdach","ព្រះស្ដេច","11.029347","105.378702"
372,"PREA016","Boeng Preah","Prey Veng","ព្រៃវែង","Ba Phnum","បាភ្នំ","11.325107","105.440185"
373,"PREA017","Preaek Khsay Kha","Prey Veng","ព្រៃវែង","Peam Ro","ពាមរក៍","11.263423","105.284942"
374,"PREA018","Prey Totueng","Prey Veng","ព្រៃវែង","Me Sang","មេសាង","11.39061","105.609572"
375,"PREA019","Kampong Trabaek","Prey Veng","ព្រៃវែង","Kamchay Mear","កំចាយមារ","11.142464","105.482792"
376,"PREA020","Angkor Reach","Prey Veng","ព្រៃវែង","Preah Sdach","ព្រះស្ដេច","11.095309","105.384188"
377,"PREA021","Banteay Chakrei 02","Prey Veng","ព្រៃវែង","Preah Sdach","ព្រះស្ដេច","10.966321","105.42245"
378,"PREA022","Chres 02","Prey Veng","ព្រៃវែង","Me Sang","មេសាង","11.352907","105.646832"
379,"PREA023","Peam Ro","Prey Veng","ព្រៃវែង","Peam Ro","ពាមរក៍","11.32042","105.283219"
380,"PREA024","Chheu Kach","Prey Veng","ព្រៃវែង","Ba Phnum","បាភ្នំ","11.256568","105.400833"
381,"PREA025","Peam Muntear","Prey Veng","ព្រៃវែង","Prey Veng","ព្រៃវែង","11.008778","105.464324"
382,"PREA026","Prey Tueng","Prey Veng","ព្រៃវែង","Sithor Kandal","ស៊ីធរកណ្ដាល","11.739997","105.372161"
383,"PREA027","CHHEANG SEANGKHIN","Prey Veng","ព្រៃវែង","Prey Veng","ព្រៃវែង","11.31939","105.399572"
384,"PREA028","Sao Raksmey","Prey Veng","ព្រៃវែង","Prey Veng","ព្រៃវែង","11.84313","105.370159"
385,"PREA029","Kampong Soeng","Prey Veng","ព្រៃវែង","Preah Sdach","ព្រះស្ដេច","11.215623","105.347501"
386,"PREA030","Me Sang","Prey Veng","ព្រៃវែង","Prey Veng","ព្រៃវែង","11.327182","105.541394"
387,"PREA031","Kampong Trabaek","Prey Veng","ព្រៃវែង","Kamchay Mear","កំចាយមារ","11.197135","105.515982"
388,"PREA032","Peam Ro","Prey Veng","ព្រៃវែង","Peam Ro","ពាមរក៍","11.343899","105.305749"
389,"PREA033","Svay Antor","Prey Veng","ព្រៃវែង","Svay Antor","ស្វាយអន្ទរ","11.462464","105.498355"
390,"PREA034","Kamchay Mear","Prey Veng","ព្រៃវែង","Prey Veng","ព្រៃវែង","11.62477","105.761708"
391,"PREA035","Preach Sdach","Prey Veng","ព្រៃវែង","Prey Veng","ព្រៃវែង","10.974233","105.36526"
392,"PREA036","Preach Sdach","Prey Veng","ព្រៃវែង","Prey Veng","ព្រៃវែង","11.110392","105.313643"
393,"PREA037","Preach Sdach","Prey Veng","ព្រៃវែង","Prey Veng","ព្រៃវែង","11.093123","105.434534"
394,"PREA038","Svay Antor","Prey Veng","ព្រៃវែង","Svay Antor","ស្វាយអន្ទរ","11.494037","105.531945"
395,"PREA039","Kanhchriech","Prey Veng","ព្រៃវែង","Kanhchriech","កញ្ជ្រៀច","11.689623","105.562573"
396,"PREP001","Prey Veng","Prey Veng","ព្រៃវែង","Prey Veng","ព្រៃវែង","11.4895","105.329192"
397,"PRES001","Kampong Leav","Prey Veng","ព្រៃវែង","Prey Veng","ព្រៃវែង","11.486712","105.326166"
398,"PRES002","Preaek Khsay Kha","Prey Veng","ព្រៃវែង","Peam Ro","ពាមរក៍","11.261454","105.289131"
399,"PRES003","Chheu Kach","Prey Veng","ព្រៃវែង","Ba Phnum","បាភ្នំ","11.256791","105.400789"
400,"PRES004","Chheu Kach","Prey Veng","ព្រៃវែង","Ba Phnum","បាភ្នំ","11.256732","105.400851"
401,"PRES005","Roka","Prey Veng","ព្រៃវែង","Peam Chor","ពាមជរ","11.663987","105.221573"
402,"PRHA001","Pal Hal","Preah Vihear","ព្រះវិហារ","Preah Vihear","ព្រះវិហារ","13.737871","104.978647"
403,"PRHA002","Toek Kraham","Preah Vihear","ព្រះវិហារ","Preah Vihear","ព្រះវិហារ","14.148894","105.082134"
404,"PRHA003","Rumdaoh Srae","Preah Vihear","ព្រះវិហារ","Choam Ksant","ជាំក្សាន្ដ","14.171889","104.787173"
405,"PRHA004","Kantuot","Preah Vihear","ព្រះវិហារ","Choam Ksant","ជាំក្សាន្ដ","14.238194","104.728915"
406,"PRHA005","Kuleaen Tboung","Preah Vihear","ព្រះវិហារ","Kuleaen","គូលែន","13.818537","104.702415"
407,"PRHA006","Choam Khsan","Preah Vihear","ព្រះវិហារ","Preah Vihear","ព្រះវិហារ","14.220675","104.943625"
408,"PRHA007","Kampong Sralau Pir","Preah Vihear","ព្រះវិហារ","Chhaeb","ឆែប","13.975337","105.848255"
409,"PRHA008","Chamraeun","Preah Vihear","ព្រះវិហារ","Sangkum Thmei","សង្គមថ្មី","13.579335","104.896452"
410,"PRHA009","S'ang","Preah Vihear","ព្រះវិហារ","Chey Saen","ជ័យសែន","13.653966","105.260717"
411,"PRHA010","Preah Khleang","Preah Vihear","ព្រះវិហារ","Tbaeng Mean Chey","ត្បែងមានជ័យ","13.620566","105.030259"
412,"PRHA011","Robieb","Preah Vihear","ព្រះវិហារ","Rovieng","រវៀង","13.357681","105.114889"
413,"PRHA012","Chhaeb Muoy","Preah Vihear","ព្រះវិហារ","Chhaeb","ឆែប","13.768454","105.408876"
414,"PRHA013","Rummeakney","Preah Vihear","ព្រះវិហារ","Preah Vihear","ព្រះវិហារ","13.304101","105.002355"
415,"PRHA015","Phnum Tbaeng Pir","Preah Vihear","ព្រះវិហារ","Kuleaen","គូលែន","13.716508","104.77564"
416,"PRHA016","Srayang","Preah Vihear","ព្រះវិហារ","Kuleaen","គូលែន","13.705809","104.545423"
417,"PRHP001","Preah Vihear","Preah Vihear","ព្រះវិហារ","Preah Vihear","ព្រះវិហារ","13.794295","104.97836"
418,"PRHS001","Kampong Pranak","Preah Vihear","ព្រះវិហារ","Preah Vihear","ព្រះវិហារ","13.805255","104.97862"
419,"PURA001","Kandieng","Pursat","ពោធិ៍សាត់","Kandieng","កណ្ដៀង","12.584246","103.956298"
420,"PURA002","Srae Sdok","Pursat","ពោធិ៍សាត់","Kandieng","កណ្ដៀង","12.662178","103.94826"
421,"PURA003","Chheu Tom","Pursat","ពោធិ៍សាត់","Krakor","ក្រគរ","12.296662","104.174028"
422,"PURA004","Phteah Rung","Pursat","ពោធិ៍សាត់","Ta Lou Senchey","តាលោសែនជ័យ","12.423372","103.729909"
423,"PURA005","Sna Ansa","Pursat","ពោធិ៍សាត់","Krakor","ក្រគរ","12.53697","104.145334"
424,"PURA006","Leach","Pursat","ពោធិ៍សាត់","Phnum Kravanh","ភ្នំក្រវ៉ាញ","12.351028","103.768345"
425,"PURA007","Ta Lou 01","Pursat","ពោធិ៍សាត់","Ta Lou Senchey","តាលោសែនជ័យ","12.4878","103.5941"
426,"PURA008","Anlung Tnaot","Pursat","ពោធិ៍សាត់","Pursat","ពោធិ៍សាត់","12.533559","104.204472"
427,"PURA009","Me Tuek","Pursat","ពោធិ៍សាត់","Bakan","បាកាន","12.69584","103.740165"
428,"PURA010","Pramaoy 01","Pursat","ពោធិ៍សាត់","Veal Veaeng","វាលវែង","12.306994","103.095853"
429,"PURA011","Pramaoy 02","Pursat","ពោធិ៍សាត់","Veal Veaeng","វាលវែង","12.355181","103.469557"
430,"PURA012","Ou Ta Paong","Pursat","ពោធិ៍សាត់","Bakan","បាកាន","12.660656","103.670925"
431,"PURA013","Ou Saom","Pursat","ពោធិ៍សាត់","Veal Veaeng","វាលវែង","12.080807","103.205989"
432,"PURA014","Snam Preah","Pursat","ពោធិ៍សាត់","Bakan","បាកាន","12.626963","103.836676"
433,"PURA015","Ou Sandan","Pursat","ពោធិ៍សាត់","Krakor","ក្រគរ","12.557407","104.114851"
434,"PURA016","Ta Lou 02","Pursat","ពោធិ៍សាត់","Ta Lou Senchey","តាលោសែនជ័យ","12.4892","103.6503"
435,"PURA017","Boeng Khnar","Pursat","ពោធិ៍សាត់","Bakan","បាកាន","12.632193","103.734616"
436,"PURA018","Trapeang Chong","Pursat","ពោធិ៍សាត់","Pursat","ពោធិ៍សាត់","12.580989","103.737537"
437,"PURP001","Pousat","Pursat","ពោធិ៍សាត់","Pursat","ពោធិ៍សាត់","12.53454","103.91531"
438,"PURS001","Phteah Prey","Pursat","ពោធិ៍សាត់","Pursat","ពោធិ៍សាត់","12.537229","103.920705"
439,"PURS002","Boeng Khnar","Pursat","ពោធិ៍សាត់","Bakan","បាកាន","12.635697","103.72688"
440,"ROTA001","Trapeang Chres","Ratanak Kiri","Ratanak Kiri","Koun Mom","កូនមុំ","13.57925","106.772128"
441,"ROTA002","Labansiek","Ratanak Kiri","Ratanak Kiri","Ban Lung","បានលុង","13.739982","106.991325"
442,"ROTA003","Ta Veaeng Leu","Ratanak Kiri","Ratanak Kiri","Ta Veaeng","តាវែង","14.045859","107.107888"
443,"ROTA004","Keh Chong","Ratanak Kiri","Ratanak Kiri","Bar Kaev","បរកែវ","13.751117","107.24869"
444,"ROTA005","Lum Choar","Ratanak Kiri","Ratanak Kiri","Ou Ya Dav","អូរយ៉ាដាវ","13.670254","107.349959"
445,"ROTA006","Chey Otdam 01","Ratanak Kiri","Ratanak Kiri","Lumphat","លំផាត់","13.486692","106.981576"
446,"ROTA007","Malik","Ratanak Kiri","Ratanak Kiri","Andoung Meas","អណ្ដូងមាស","13.865468","107.305068"
447,"ROTA008","Kachanh 01","Ratanak Kiri","Ratanak Kiri","Ban Lung","បានលុង","13.719616","106.956511"
448,"ROTA009","Kachanh 02","Ratanak Kiri","Ratanak Kiri","Ban Lung","បានលុង","13.713741","106.977345"
449,"ROTA010","Teun","Ratanak Kiri","Ratanak Kiri","Koun Mom","កូនមុំ","13.683354","106.88182"
450,"ROTA011","Chey Otdam 02","Ratanak Kiri","Ratanak Kiri","Lumphat","លំផាត់","13.459472","106.95973"
451,"ROTA012","Ba Tang","Ratanak Kiri","Ratanak Kiri","Lumphat","លំផាត់","13.580911","106.957987"
452,"ROTA013","Ou Chum","Ratanak Kiri","Ratanak Kiri","Ou Chum","អូរជុំ","13.796013","106.993309"
453,"ROTA014","Trapeang Kraham 01","Ratanak Kiri","Ratanak Kiri","Koun Mom","កូនមុំ","13.508764","106.654464"
454,"ROTA015","Veun Sai","Ratanak Kiri","Ratanak Kiri","Veun Sai","វើនសៃ","13.9749","106.8164"
455,"ROTA016","Trapeang Kraham 02","Ratanak Kiri","Ratanak Kiri","Koun Mom","កូនមុំ","13.542316","106.686128"
456,"ROTA017","Srae Angkrong","Ratanak Kiri","Ratanak Kiri","Banlung","បានលុង","13.433351","106.61364"
457,"ROTP001","Ratanakiri","Ratanak Kiri","Ratanak Kiri","Banlung","បានលុង","13.737781","106.987692"
458,"ROTS001","Labansiek","Ratanak Kiri","Ratanak Kiri","Ban Lung","បានលុង","13.7367","106.9864"
459,"ROTS002","La Minh","Ratanak Kiri","Ratanak Kiri","Bar Kaev","បរកែវ","13.686","107.2169"
460,"ROTS003","Boeng Kansaeng","Ratanak Kiri","Ratanak Kiri","Ban Lung","បានលុង","13.7451","106.9894"
461,"HUBSIE001","Hub vùng HUBSIE001","Siem Reap","សៀមរាប","Siem Reap","សៀមរាប","13.66321698331083","104.2234763258576"
462,"SIEA001","Svay Leu","Siemreap","Siemreap","Svay Leu","ស្វាយលើ","13.551747","104.252698"
463,"SIEA002","Puok 01","Siemreap","Siemreap","Puok","ពួក","13.400147","103.79594"
464,"SIEA003","Dam Daek","Siemreap","Siemreap","Soutr Nikom","សូទ្រនិគម","13.248097","104.124303"
465,"SIEA005","Srangae","Siemreap","Siemreap","Siem Reap","សៀមរាប","13.365655","103.808087"
466,"SIEA006","Kralanh","Siemreap","Siemreap","Kralanh","ក្រឡាញ់","13.588405","103.417674"
467,"SIEA007","Srae Nouy","Siemreap","Siemreap","Varin","វ៉ារិន","13.813315","104.046877"
468,"SIEA008","Kampong Kdei","Siemreap","Siemreap","Chi Kraeng","ជីក្រែង","13.111871","104.354264"
469,"SIEA009","Samraong","Siemreap","Siemreap","Puok","ពួក","13.393213","103.867875"
470,"SIEA010","Kantreang","Siemreap","Siemreap","Prasat Bakong","ប្រាសាទបាគង","13.352193","104.024788"
471,"SIEA011","Sala Kamraeuk","Siem Reap","សៀមរាប","Siem Reap","សៀមរាប","13.354795","103.869528"
472,"SIEA012","Ballang","Siemreap","Siemreap","Prasat Bakong","ប្រាសាទបាគង","13.475203","104.17265"
473,"SIEA014","Chrouy Neang Nguon","Siemreap","Siemreap","Srei Snam","ស្រីស្នំ","13.8277","103.5156"
474,"SIEA016","Siem Reab","Siemreap","Siemreap","Siem Reap","សៀមរាប","13.318811","103.851774"
475,"SIEA017","Kouk Chak","Siem Reap","សៀមរាប","Siem Reap","សៀមរាប","13.580205","103.880291"
476,"SIEA022","Puok 02","Siemreap","Siemreap","Puok","ពួក","13.44275","103.727382"
477,"SIEA030","Char Chhuk","Siemreap","Siemreap","Angkor Chum","អង្គរជុំ","13.683854","103.649091"
478,"SIEA031","Khnar Sanday","Siemreap","Siemreap","Banteay Srei","បន្ទាយស្រី","13.586712","103.956676"
479,"SIEA033","Svay Sa","Siemreap","Siemreap","Varin","វ៉ារិន","13.79006","103.750383"
480,"SIEA034","Anlung Samnar","Siem Reap","សៀមរាប","Siem Reap","សៀមរាប","13.068422","103.289207"
481,"SIEA035","Sla Kram","Siemreap","Siemreap","Siem Reap","សៀមរាប","13.358351","103.893148"
482,"SIEA036","Kaev Poar","Siemreap","Siemreap","Puok","ពួក","13.387312","103.743113"
483,"SIEA037","Ruessei Lok","Siemreap","Siemreap","Chi Kraeng","ជីក្រែង","13.199103","104.214583"
484,"SIEA039","Kandaek","Siemreap","Siemreap","Prasat Bakong","ប្រាសាទបាគង","13.356339","103.916749"
485,"SIEP001","Siem Reab","Siemreap","Siemreap","Siem Reap","សៀមរាប","13.359287","103.883998"
486,"SIES001","Kouk Chak","Siem Reap","សៀមរាប","Siem Reap","សៀមរាប","13.381318","103.853015"
487,"SIES002","Siem Reab","Siemreap","Siemreap","Siem Reap","សៀមរាប","13.359275","103.854515"
488,"SIES003","Dam Daek","Siemreap","Siemreap","Soutr Nikom","សូទ្រនិគម","13.244512","104.124204"
489,"HUBSIH01","Hub vùng HUBSIH01","Preah Sihanouk","ព្រះសីហនុ","Preah Sihanouk","ព្រះសីហនុ","10.72425540436019","103.8113340931852"
490,"SIHA001","Tumnob Rolok","Preah Sihanouk","ព្រះសីហនុ","Stueng Hav","ស្ទឹងហាវ","10.737428","103.624233"
491,"SIHA002","Boeng Ta Prum","Preah Sihanouk","ព្រះសីហនុ","Prey Nob","ព្រៃនប់","10.573382","103.773205"
492,"SIHA003","Ou Oknha Heng","Preah Sihanouk","ព្រះសីហនុ","Prey Nob","ព្រៃនប់","10.589629","103.763962"
493,"SIHA004","Prey Nob","Preah Sihanouk","ព្រះសីហនុ","Prey Nob","ព្រៃនប់","10.629706","103.782186"
494,"SIHA005","Andoung Thma","Preah Sihanouk","ព្រះសីហនុ","Prey Nob","ព្រៃនប់","10.675489","103.800485"
495,"SIHA006","Cheung Kou","Preah Sihanouk","ព្រះសីហនុ","Prey Nob","ព្រៃនប់","10.753846","103.804156"
496,"SIHA007","Lekh Muoy 01","Preah Sihanouk","ព្រះសីហនុ","Preah Sihanouk","ព្រះសីហនុ","10.662359","103.522013"
497,"SIHA008","Lekh Muoy 02","Preah Sihanouk","ព្រះសីហនុ","Preah Sihanouk","ព្រះសីហនុ","10.664146","103.522118"
498,"SIHA009","Stueng Chhay","Preah Sihanouk","ព្រះសីហនុ","Kampong Seila","កំពង់សីលា","10.939812","103.798362"
499,"SIHP001","Preah Sihanouk","Preah Sihanouk","ព្រះសីហនុ","Preah Sihanouk","ព្រះសីហនុ","10.620638","103.541226"
500,"SIHS001","Lekh Buon","Preah Sihanouk","ព្រះសីហនុ","Preah Sihanouk","ព្រះសីហនុ","10.61986","103.52744"
501,"SIHS002","Veal Renh","Preah Sihanouk","ព្រះសីហនុ","Prey Nob","ព្រៃនប់","10.709813","103.818335"
502,"SPEA001","Preah Khae","Kampong Speu","កំពង់ស្ពឺ","Basedth","បរសេដ្ឋ","11.174528","104.500433"
503,"SPEA002","Svay Rumpear","Kampong Speu","កំពង់ស្ពឺ","Basedth","បរសេដ្ឋ","11.211305","104.583741"
504,"SPEA003","Krang Chek","Kampong Speu","កំពង់ស្ពឺ","Samkkei Munichay","សាមគ្គីមុនីជ័យ","11.582755","104.531477"
505,"SPEA004","Roka Kaoh 01","Kampong Speu","កំពង់ស្ពឺ","Basedth","បរសេដ្ឋ","11.426686","104.661059"
506,"SPEA005","Sambour","Kampong Speu","កំពង់ស្ពឺ","Phnum Sruoch","ភ្នំស្រួច","11.533326","104.618288"
507,"SPEA007","Samrong Tong","Kampong Speu","កំពង់ស្ពឺ","Samraong Tong","សំរោងទង","11.54068","104.595483"
508,"SPEA008","Pou Chamraeun","Kampong Speu","កំពង់ស្ពឺ","Basedth","បរសេដ្ឋ","11.105882","104.598308"
509,"SPEA009","Traeng Trayueng","Kampong Speu","កំពង់ស្ពឺ","Phnum Sruoch","ភ្នំស្រួច","11.277905","104.211297"
510,"SPEA010","Pneay","Kampong Speu","កំពង់ស្ពឺ","Samraong Tong","សំរោងទង","11.517333","104.520212"
511,"SPEA011","Rung Roeang","Kampong Speu","កំពង់ស្ពឺ","Thpong","ថ្ពង","11.721285","104.520246"
512,"SPEA012","Amleang","Kampong Speu","កំពង់ស្ពឺ","Thpong","ថ្ពង","11.801009","104.342315"
513,"SPEA013","Skuh","Kampong Speu","កំពង់ស្ពឺ","Samraong Tong","សំរោងទង","11.404436","104.51386"
514,"SPEA014","Chambak","Kampong Speu","កំពង់ស្ពឺ","Phnum Sruoch","ភ្នំស្រួច","11.396063","104.111423"
515,"SPEA015","Roleang Kreul 01","Kampong Speu","កំពង់ស្ពឺ","Samraong Tong","សំរោងទង","11.445192","104.62579"
516,"SPEA016","Roka Kaoh 02","Kampong Speu","កំពង់ស្ពឺ","Basedth","បរសេដ្ឋ","11.412777","104.651533"
517,"SPEA017","Khsem Khsan","Kampong Speu","កំពង់ស្ពឺ","Odongk Maechay","ឧដុង្គម៉ែជ័យ","11.686979","104.70185"
518,"SPEA018","Pheakdei","Kampong Speu","កំពង់ស្ពឺ","Basedth","បរសេដ្ឋ","11.177036","104.407526"
519,"SPEA019","Prey Kmeng","Kampong Speu","កំពង់ស្ពឺ","Phnum Sruoch","ភ្នំស្រួច","11.308992","104.438688"
520,"SPEA020","Prey Sralaeng","Kampong Speu","កំពង់ស្ពឺ","Chbar Mon","ច្បារមន","11.157493","104.684507"
521,"SPEA021","Tang Krouch","Kampong Speu","កំពង់ស្ពឺ","Phnum Sruoch","ភ្នំស្រួច","11.531039","104.416137"
522,"SPEA022","Voa Sar","Kampong Speu","កំពង់ស្ពឺ","Samraong Tong","សំរោងទង","11.475615","104.567907"
523,"SPEA023","Trapeang Chou","Kampong Speu","កំពង់ស្ពឺ","Aoral","ឱរ៉ាល់","11.811444","104.129407"
524,"SPEA024","Ou Ta Vam","Kampong Speu","កំពង់ស្ពឺ","Phnum Sruoch","ភ្នំស្រួច","11.323964","104.578105"
525,"SPEA025","Tang Sya","Kampong Speu","កំពង់ស្ពឺ","Phnum Sruoch","ភ្នំស្រួច","11.38836","104.377905"
526,"SPEA026","Ta Sal","Kampong Speu","កំពង់ស្ពឺ","Aoral","ឱរ៉ាល់","11.703038","103.939144"
527,"SPEA027","Ou","Kampong Speu","កំពង់ស្ពឺ","Basedth","បរសេដ្ឋ","11.342067","104.322307"
528,"SPEA028","Veang Chas","Kampong Speu","កំពង់ស្ពឺ","Odongk Maechay","ឧដុង្គម៉ែជ័យ","11.823481","104.743066"
529,"SPEA029","Sangkae Satob","Kampong Speu","កំពង់ស្ពឺ","Aoral","ឱរ៉ាល់","11.680048","104.147813"
530,"SPEA031","Krang Khnong","Kampong Speu","កំពង់ស្ពឺ","Chbar Mon","ច្បារមន","11.309173","104.631576"
531,"SPEA032","Roleang Kreul 02","Kampong Speu","កំពង់ស្ពឺ","Samraong Tong","សំរោងទង","11.440644","104.639622"
532,"SPEP001","Chbar Mon","Kampong Speu","កំពង់ស្ពឺ","Chbar Mon","ច្បារមន","11.465375","104.527043"
533,"SPES001","Rokar Thum","Kampong Speu","កំពង់ស្ពឺ","Chbar Mon","ច្បារមន","11.460768","104.514622"
534,"SPES002","Snam Krapeu","Kampong Speu","កំពង់ស្ពឺ","Kong Pisei","គងពិសី","11.286801","104.706699"
535,"STUA001","Sekong","Stung Treng","ស្ទឹងត្រែង","Siem Pang","សៀមប៉ាង","14.115063","106.385817"
536,"STUA002","Siem Bouk 01","Stung Treng","ស្ទឹងត្រែង","Siem Bouk","សៀមបូក","13.334026","106.103639"
537,"STUA003","Ou Svay","Stung Treng","ស្ទឹងត្រែង","Borei Ou Svay Senchey","បុរីអូរស្វាយសែនជ័យ","13.880126","106.001924"
538,"STUA004","Kbal Romeas 01","Stung Treng","ស្ទឹងត្រែង","Sesan","សេសាន","13.422893","106.280728"
539,"STUA006","Siem Bouk 02","Stung Treng","ស្ទឹងត្រែង","Siem Bouk","សៀមបូក","13.360574","105.959553"
540,"STUA007","Phluk","Stung Treng","ស្ទឹងត្រែង","Sesan","សេសាន","13.564517","106.17007"
541,"STUA008","Kbal Romeas 02","Stung Treng","ស្ទឹងត្រែង","Sesan","សេសាន","13.417695","106.198157"
542,"STUA009","Anlung Chrey","Stung Treng","ស្ទឹងត្រែង","Stung Treng","ស្ទឹងត្រែង","13.765682","105.671585"
543,"STUA010","Preah Rumkel","Stung Treng","ស្ទឹងត្រែង","Borei Ou Svay Senchey","បុរីអូរស្វាយសែនជ័យ","13.894888","105.964596"
544,"STUP001","Stung Treng","Stung Treng","ស្ទឹងត្រែង","Stung Treng","ស្ទឹងត្រែង","13.528625","105.971602"
545,"STUS001","Stueng Traeng","Stung Treng","ស្ទឹងត្រែង","Stueng Traeng","ស្ទឹងត្រែង","13.5285","105.9709"
546,"SVAA001","Khsaet","Svay Rieng","ស្វាយរៀង","Kampong Rou","កំពង់រោទិ៍","10.926719","105.985774"
547,"SVAA002","Kokir","Svay Rieng","ស្វាយរៀង","Chantrea","ចន្ទ្រា","11.443579","105.861148"
548,"SVAA003","Ang Prasrae","Svay Rieng","ស្វាយរៀង","Svay Rieng","ស្វាយរៀង","11.323111","105.818189"
549,"SVAA004","Kampong Chak","Svay Rieng","ស្វាយរៀង","Rumduol","រំដួល","11.171601","105.818778"
550,"SVAA005","Bati","Svay Rieng","ស្វាយរៀង","Bavet","បាវិត","10.992849","106.129186"
551,"SVAA006","Samraong","Svay Rieng","ស្វាយរៀង","Chantrea","ចន្ទ្រា","10.9291","106.1414"
552,"SVAA007","Kruos","Svay Rieng","ស្វាយរៀង","Svay Chrum","ស្វាយជ្រំ","11.061583","105.668694"
553,"SVAA008","Chantrei","Svay Rieng","ស្វាយរៀង","Romeas Haek","រមាសហែក","11.284448","105.72468"
554,"SVAA009","Doun Sa","Svay Rieng","ស្វាយរៀង","Svay Chrum","ស្វាយជ្រំ","11.225428","105.724589"
555,"SVAA010","Kampong Trach","Svay Rieng","ស្វាយរៀង","Romeas Haek","រមាសហែក","11.410974","105.784585"
556,"SVAA011","Sambat Mean Chey","Svay Rieng","ស្វាយរៀង","Svay Rieng","ស្វាយរៀង","11.437822","105.691046"
557,"SVAA012","Doung","Svay Rieng","ស្វាយរៀង","Romeas Haek","រមាសហែក","11.338164","105.862059"
558,"SVAA013","Chres","Svay Rieng","ស្វាយរៀង","Chantrea","ចន្ទ្រា","10.935155","106.057092"
559,"SVAA014","Mream","Svay Rieng","ស្វាយរៀង","Romeas Haek","រមាសហែក","11.311113","105.674529"
560,"SVAA015","Svay Thum","Svay Rieng","ស្វាយរៀង","Svay Chrum","ស្វាយជ្រំ","11.021884","105.603819"
561,"SVAA016","Pou Reach","Svay Rieng","ស្វាយរៀង","Svay Rieng","ស្វាយរៀង","11.150287","105.762472"
562,"SVAA017","Chrey Thum","Svay Rieng","ស្វាយរៀង","Romeas Haek","រមាសហែក","11.408281","105.716263"
563,"SVAA018","Koki Saom","Svay Rieng","ស្វាយរៀង","Svay Teab","ស្វាយទាប","11.159454","105.938441"
564,"SVAA019","Svay Chrum","Svay Rieng","ស្វាយរៀង","Svay Chrum","ស្វាយជ្រំ","11.117568","105.716027"
565,"SVAA020","Pouthi","Svay Rieng","ស្វាយរៀង","Svay Chrum","ស្វាយជ្រំ","10.9867","106.1258"
566,"SVAA021","Kampot Chroot","Svay Rieng","ស្វាយរៀង","Svay Rieng","ស្វាយរៀង","11.0351","106.0189"
567,"SVAA022","Bos Svay","Svay Rieng","ស្វាយរៀង","Svay Rieng","ស្វាយរៀង","11.2337","105.8807"
568,"SVAP001","Svay Rieng","Svay Rieng","ស្វាយរៀង","Svay Rieng","ស្វាយរៀង","11.0914361","105.7915562"
569,"SVAS001","Svay Rieng","Svay Rieng","ស្វាយរៀង","Svay Rieng","ស្វាយរៀង","11.082903","105.7966346"
570,"SVAS002","Bavet","Svay Rieng","ស្វាយរៀង","Bavet","បាវិត","11.0705","106.1577"
571,"SVAS003","Chrak Mtes","Svay Rieng","ស្វាយរៀង","Bavet","បាវិត","11.0381","106.0115"
572,"SVAS004","Kampong Trach","Svay Rieng","ស្វាយរៀង","Romeas Haek","រមាសហែក","11.412753","105.794946"
573,"TAKA001","Ou Saray","Takeo","តាកែវ","Tram Kak","ត្រាំកក់","11.075468","104.496893"
574,"TAKA002","Sun Chanchav","Takeo","តាកែវ","Doun Kaev","ដូនកែវ","11.034202","104.590535"
575,"TAKA003","Trapeang Kranhung","Takeo","តាកែវ","Doun Kaev","ដូនកែវ","11.093079","104.414537"
576,"TAKA004","Tram Kak","Takeo","តាកែវ","Tram Kak","ត្រាំកក់","10.911496","104.589815"
577,"TAKA005","Romenh 01","Takeo","តាកែវ","Kaoh Andaet","កោះអណ្ដែត","10.7957","104.9502"
578,"TAKA006","Sambuor","Takeo","តាកែវ","Treang","ទ្រាំង","10.962474","104.857369"
579,"TAKA007","Angkanh","Takeo","តាកែវ","Prey Kabbas","ព្រៃកប្បាស","11.083932","104.94629"
580,"TAKA008","Khvav","Takeo","តាកែវ","Samraong","សំរោង","10.92014","104.72301"
581,"TAKA009","Kouk Pou","Takeo","តាកែវ","Borei Cholsar","បូរីជលសារ","10.892675","104.902756"
582,"TAKA010","Krapum Chhuk","Takeo","តាកែវ","Kaoh Andaet","កោះអណ្ដែត","10.706738","104.916813"
583,"TAKA011","Prey Rumdeng","Takeo","តាកែវ","Kiri Vong","គីរីវង់","10.619044","104.767197"
584,"TAKA012","Prey Sloek","Takeo","តាកែវ","Treang","ទ្រាំង","10.904813","104.783549"
585,"TAKA013","Phnum Den","Takeo","តាកែវ","Kiri Vong","គីរីវង់","10.60243","104.906536"
586,"TAKA014","Prey Phdau","Takeo","តាកែវ","Prey Kabbas","ព្រៃកប្បាស","11.165364","104.876075"
587,"TAKA015","Romenh 02","Takeo","តាកែវ","Kaoh Andaet","កោះអណ្ដែត","10.800032","104.937742"
588,"TAKA016","Angkor Borei","Takeo","តាកែវ","Angkor Borei","អង្គរបូរី","10.997932","104.973288"
589,"TAKA017","Trea","Takeo","តាកែវ","Samraong","សំរោង","11.103537","104.821108"
590,"TAKA018","Doung Khpos","Takeo","តាកែវ","Bati","បាទី","10.867205","104.86635"
591,"TAKA019","Lumchang","Takeo","តាកែវ","Samraong","សំរោង","11.073395","104.75951"
592,"TAKA020","Prey Khla","Takeo","តាកែវ","Kaoh Andaet","កោះអណ្ដែត","10.75647","104.872143"
593,"TAKA022","Kandoeng","Takeo","តាកែវ","Bati","បាទី","11.285664","104.840462"
594,"TAKA023","Rovieng","Takeo","តាកែវ","Samraong","សំរោង","11.201191","104.787972"
595,"TAKA024","Ta Ou","Takeo","តាកែវ","Kiri Vong","គីរីវង់","10.577666","104.798714"
596,"TAKA025","Ang Ta Saom","Takeo","តាកែវ","Kiri Vong","គីរីវង់","11.012834","104.672232"
597,"TAKA026","Prey Ampok","Takeo","តាកែវ","Kiri Vong","គីរីវង់","10.632234","104.791171"
598,"TAKA027","Preah Bat Choan Chum","Takeo","តាកែវ","Kiri Vong","គីរីវង់","10.644722","104.874741"
599,"TAKA028","Borei Chulsar","Takeo","តាកែវ","Doun Kaev","ដូនកែវ","10.859956","104.947543"
600,"TAKA031","Ba Srae","Takeo","តាកែវ","Angkor Borei","អង្គរបូរី","11.056967","104.952222"
601,"TAKA032","Roka Krau","Takeo","តាកែវ","Doun Kaev","ដូនកែវ","10.97977","104.778003"
602,"TAKA033","Prey Kabbas","Takeo","តាកែវ","Prey Kabbas","ព្រៃកប្បាស","11.162099","104.958486"
603,"TAKA034","Rokar Knong","Takeo","តាកែវ","Doun Kaev","ដូនកែវ","10.981908","104.777601"
604,"TAKA035","Sanlung","Takeo","តាកែវ","Treang","ទ្រាំង","10.800574","104.765602"
605,"TAKA036","Tnolbek","Takeo","តាកែវ","Doun Kaev","ដូនកែវ","10.810856","104.806805"
606,"TAKA037","Dong","Takeo","តាកែវ","Doun Kaev","ដូនកែវ","11.233967","104.905711"
607,"TAKA038","Smoung","Takeo","តាកែវ","Doun Kaev","ដូនកែវ","10.793938","104.817752"
608,"TAKA039","Krapum Chhuk","Takeo","តាកែវ","Kaoh Andaet","កោះអណ្ដែត","10.739098","104.924613"
609,"TAKP001","Doun Kaev","Takeo","តាកែវ","Doun Kaev","ដូនកែវ","10.989227","104.773957"
610,"TAKS001","Roka Krau","Takeo","តាកែវ","Doun Kaev","ដូនកែវ","10.9791","104.7772"
611,"TAKS002","Ang Ta Saom","Takeo","តាកែវ","Kiri Vong","គីរីវង់","11.0101","104.6718"
612,"TAKS003","Trapeang Sab","Takeo","តាកែវ","Bati","បាទី","11.2656982757642","104.825915410417"
613,"TAKS004","Preah Bat Choan Chum","Takeo","តាកែវ","Kiri Vong","គីរីវង់","10.6442","104.875"
614,"TBKA001","Peus Mouy","Tboung Khmum","ត្បូងឃ្មុំ","Suong","សួង","12.248393","105.717783"
615,"TBKA002","Tramung","Tboung Khmum","ត្បូងឃ្មុំ","Memot","មេមត់","11.819494","106.190896"
616,"TBKA003","Rokarpo Pram","Tboung Khmum","ត្បូងឃ្មុំ","Suong","សួង","12.040843","105.711399"
617,"TBKA004","Choam Kravien","Tboung Khmum","ត្បូងឃ្មុំ","Memot","មេមត់","11.770064","106.338638"
618,"TBKA005","Dar","Tboung Khmum","ត្បូងឃ្មុំ","Memot","មេមត់","11.80188","106.119953"
619,"TBKA006","Rumchek","Tboung Khmum","ត្បូងឃ្មុំ","Memot","មេមត់","12.105325","106.000691"
620,"TBKA008","Kaong Kang","Tboung Khmum","ត្បូងឃ្មុំ","Ponhea Kraek","ពញាក្រែក","11.810423","105.844209"
621,"TBKA009","Trapeang Phlong","Tboung Khmum","ត្បូងឃ្មុំ","Ponhea Kraek","ពញាក្រែក","11.692978","105.966143"
622,"TBKA010","Dambae","Tboung Khmum","ត្បូងឃ្មុំ","Dambae","តំបែរ","12.017253","105.884091"
623,"TBKA011","Chong Cheach","Tboung Khmum","ត្បូងឃ្មុំ","Dambae","តំបែរ","11.912352","105.861044"
624,"TBKA012","Chhuk","Tboung Khmum","ត្បូងឃ្មុំ","Krouch Chhmar","ក្រូចឆ្មារ","12.157931","105.739451"
625,"TBKA013","Chumnik","Tboung Khmum","ត្បូងឃ្មុំ","Krouch Chhmar","ក្រូចឆ្មារ","12.25263","105.817345"
626,"TBKA014","Trea","Tboung Khmum","ត្បូងឃ្មុំ","Krouch Chhmar","ក្រូចឆ្មារ","12.234293","105.546472"
627,"TBKA015","Chak","Tboung Khmum","ត្បូងឃ្មុំ","Ou Reang Ov","អូររាំងឪ","11.776389","105.598362"
628,"TBKA016","Kraek","Tboung Khmum","ត្បូងឃ្មុំ","Ponhea Kraek","ពញាក្រែក","11.785283","106.002698"
629,"TBKA017","Kor 01","Tboung Khmum","ត្បូងឃ្មុំ","Tboung Khmum","ត្បូងឃ្មុំ","11.973743","105.742968"
630,"TBKA018","Choam Ta Mau","Tboung Khmum","ត្បូងឃ្មុំ","Memot","មេមត់","11.886598","106.243362"
631,"TBKA019","Chob","Tboung Khmum","ត្បូងឃ្មុំ","Tboung Khmum","ត្បូងឃ្មុំ","11.918445","105.603895"
632,"TBKA020","Peam Chileang","Tboung Khmum","ត្បូងឃ្មុំ","Tboung Khmum","ត្បូងឃ្មុំ","12.101092","105.547606"
633,"TBKA021","Sralab","Tboung Khmum","ត្បូងឃ្មុំ","Tboung Khmum","ត្បូងឃ្មុំ","11.862282","105.738753"
634,"TBKA022","Kor 02","Tboung Khmum","ត្បូងឃ្មុំ","Tboung Khmum","ត្បូងឃ្មុំ","11.976871","105.716563"
635,"TBKP001","Suong","Tboung Khmum","ត្បូងឃ្មុំ","Suong","សួង","11.911554","105.651283"
636,"TBKS001","Suong","Tboung Khmum","ត្បូងឃ្មុំ","Suong","សួង","11.910232","105.653275"
637,"TBKS002","Kraek","Tboung Khmum","ត្បូងឃ្មុំ","Ponhea Kraek","ពញាក្រែក","11.763201","105.940445"
638,"TBKS003","Memut","Tboung Khmum","ត្បូងឃ្មុំ","Suong","សួង","11.828102","106.182878"
639,"TBKS004","Ampil Ta Pok","Tboung Khmum","ត្បូងឃ្មុំ","Ou Reang Ov","អូររាំងឪ","11.796341","105.499489"
640,"THOA001","Srayouv","Kampong Thom","កំពង់ធំ","Steung Saen","ស្ទឹងសែន","12.657969","104.919848"
641,"THOA002","Sou Young","Kampong Thom","កំពង់ធំ","Taing Kouk","តាំងគោក","12.247011","105.123774"
642,"THOA003","Triel","Kampong Thom","កំពង់ធំ","Taing Kouk","តាំងគោក","12.333434","105.105665"
643,"THOA004","Baray","Kampong Thom","កំពង់ធំ","Baray","បារាយណ៍","12.396384","105.083396"
644,"THOA005","Bak Sna","Kampong Thom","កំពង់ធំ","Baray","បារាយណ៍","12.515992","105.281484"
645,"THOA006","Tbaeng","Kampong Thom","កំពង់ធំ","Kampong Svay","កំពង់ស្វាយ","12.793109","104.78912"
646,"THOA007","Tang Krasang","Kampong Thom","កំពង់ធំ","Santuk","សន្ទុក","12.56012","105.04978"
647,"THOA008","San Ko","Kampong Thom","កំពង់ធំ","Kampong Svay","កំពង់ស្វាយ","12.80811","104.738129"
648,"THOA009","Tum Ring","Kampong Thom","កំពង់ធំ","Sandan","សណ្ដាន់","12.901008","105.424327"
649,"THOA010","Kraya","Kampong Thom","កំពង់ធំ","Prasat Ballangk","ប្រាសាទបល្ល័ង្គ","13.118471","104.762385"
650,"THOA011","Sala Visai","Kampong Thom","កំពង់ធំ","Prasat Ballangk","ប្រាសាទបល្ល័ង្គ","12.948858","104.944323"
651,"THOA012","Steung Sean","Kampong Thom","កំពង់ធំ","Steung Saen","ស្ទឹងសែន","12.870132","105.068985"
652,"THOA013","Chhuk","Kampong Thom","កំពង់ធំ","Baray","បារាយណ៍","12.931402","105.164794"
653,"THOA014","Krava","Kampong Thom","កំពង់ធំ","Baray","បារាយណ៍","12.473985","105.244491"
654,"THOA015","Kampong Chen Tboung","Kampong Thom","កំពង់ធំ","Stoung","ស្ទោង","12.929947","104.579938"
655,"THOA016","Chamna Kraom","Kampong Thom","កំពង់ធំ","Stoung","ស្ទោង","12.848016","104.635693"
656,"THOA017","Steung Sean","Kampong Thom","កំពង់ធំ","Steung Saen","ស្ទឹងសែន","12.728917","104.89055"
657,"THOA018","Steung Sean","Kampong Thom","កំពង់ធំ","Steung Saen","ស្ទឹងសែន","12.87017","105.06897"
658,"THOP001","Stueng Saen","Kampong Thom","កំពង់ធំ","Steung Saen","ស្ទឹងសែន","12.718887","104.886428"
659,"THOP018","Steung Sean","Kampong Thom","កំពង់ធំ","Steung Saen","ស្ទឹងសែន","12.622","105.4718"
660,"THOS001","Prey Ta Hu","Kampong Thom","កំពង់ធំ","Stueng Saen","ស្ទឹងសែន","12.718984","104.886849"
661,"THOS002","Ballang","Kampong Thom","កំពង់ធំ","Baray","បារាយណ៍","12.4996","105.125"
662,"THOS003","Kampong Chen Cheung","Kampong Thom","កំពង់ធំ","Stoung","ស្ទោង","12.943729","104.569481"
663,"THOS004","Sandan","Kampong Thom","កំពង់ធំ","Sandan","សណ្ដាន់","13.102497","105.241223"
